{"cameraMode":{"drawMode":0,"name":"Shaded","section":"Shading Mode"},"sceneLighting":true,"audioPlay":false,"sceneViewState":{"m_AlwaysRefresh":false,"showFog":true,"showSkybox":true,"showFlares":true,"showImageEffects":true,"showParticleSystems":true,"showVisualEffectGraphs":true,"m_FxEnabled":true},"in2DMode":false,"pivot":{"x":0.09680897742509842,"y":0.25970786809921267,"z":-0.06816959381103516},"rotation":{"x":-0.048290617763996127,"y":0.006586957257241011,"z":-0.00032181345159187913,"w":-0.9988204836845398},"size":4.340466499328613,"orthographic":false}