{"cameraMode":{"drawMode":0,"name":"Shaded","section":"Shading Mode"},"sceneLighting":true,"audioPlay":false,"sceneViewState":{"m_AlwaysRefresh":false,"showFog":true,"showSkybox":true,"showFlares":true,"showImageEffects":true,"showParticleSystems":true,"showVisualEffectGraphs":true,"m_FxEnabled":true},"in2DMode":false,"pivot":{"x":-2.3795785903930666,"y":-21.264535903930665,"z":233.52146911621095},"rotation":{"x":-0.05278502404689789,"y":0.0020949114114046098,"z":-0.00011033569899154827,"w":-0.9986055493354797},"size":129.4476776123047,"orthographic":false}