{"cameraMode":{"drawMode":0,"name":"Shaded","section":"Shading Mode"},"sceneLighting":true,"audioPlay":false,"sceneViewState":{"m_AlwaysRefresh":false,"showFog":true,"showSkybox":true,"showFlares":true,"showImageEffects":true,"showParticleSystems":true,"showVisualEffectGraphs":true,"m_FxEnabled":true},"in2DMode":false,"pivot":{"x":-0.8194242119789124,"y":0.13200592994689942,"z":19.602807998657228},"rotation":{"x":-0.01980862393975258,"y":-0.0009052162640728056,"z":0.000012708269423455931,"w":-0.9998190402984619},"size":11.467952728271485,"orthographic":false}