{"cameraMode":{"drawMode":0,"name":"Shaded","section":"Shading Mode"},"sceneLighting":false,"audioPlay":false,"sceneViewState":{"m_AlwaysRefresh":false,"showFog":true,"showSkybox":false,"showFlares":true,"showImageEffects":true,"showParticleSystems":true,"showVisualEffectGraphs":true,"m_FxEnabled":true},"in2DMode":false,"pivot":{"x":-2.7379376888275148,"y":0.23785938322544099,"z":1.0856690406799317},"rotation":{"x":-0.042895615100860599,"y":0.2015095353126526,"z":-0.00883704237639904,"w":-0.9785178899765015},"size":1.3141429424285889,"orthographic":false}