{"cameraMode":{"drawMode":0,"name":"Shaded","section":"Shading Mode"},"sceneLighting":false,"audioPlay":false,"sceneViewState":{"m_AlwaysRefresh":false,"showFog":true,"showSkybox":false,"showFlares":true,"showImageEffects":true,"showParticleSystems":true,"showVisualEffectGraphs":true,"m_FxEnabled":true},"in2DMode":false,"pivot":{"x":-2.0739998817443849,"y":0.15999998152256013,"z":-0.09000000357627869},"rotation":{"x":-0.015308085829019547,"y":-0.014403185807168484,"z":0.00021717585332226008,"w":-0.9997904300689697},"size":0.7141428589820862,"orthographic":false}